{"cameraMode":{"drawMode":0,"name":"Shaded","section":"Shading Mode"},"sceneLighting":true,"audioPlay":false,"sceneViewState":{"m_AlwaysRefresh":false,"showFog":true,"showSkybox":true,"showFlares":true,"showImageEffects":true,"showParticleSystems":true,"showVisualEffectGraphs":true,"m_FxEnabled":true},"in2DMode":false,"pivot":{"x":-0.39123058319091799,"y":1.177262544631958,"z":2.7115650177001955},"rotation":{"x":0.18669292330741883,"y":-0.0014962564455345274,"z":0.00019571770098991692,"w":0.982343316078186},"size":3.0456132888793947,"orthographic":false}